1270,10404.236509273664,8769060.622107754,8770731.2755416,1685.831716917961,7,temp_23,8766832.877701217
1270,59685.14999656935,8774386.785344463,8774150.057884702,294.01847602356435,17,temp_31,8766832.877701217
1270,14164.572395530111,8776745.541869981,8777794.26321542,1239.3271971009203,21,temp_33,8766832.877701217
1270,7547.442566166749,8778789.256269317,8780613.420329351,2326.5367735705563,28,temp_37,8766832.877701217
1272,nan,0.0,0.0,0.0,1,temp_199,8766832.877701217
1272,1.0,0.0,8769140.623911334,8769140.623911334,2,temp_200,8766832.877701217
1272,19236.51618126741,8775774.63302041,8776561.544975108,912.4488037541876,25,temp_219,8766832.877701217
1272,27632.368485530475,8775676.71735854,8775477.442829581,635.1664776538674,33,temp_225,8766832.877701217
1272,16689.76293140545,8774842.249023197,8775468.24867239,1051.5614014307434,46,temp_236,8766832.877701217
1272,1.0,8775245.57297535,0.0,8775245.57297535,63,temp_252,8766832.877701217
1272,1.0,0.0,8775134.8724089,8775134.8724089,64,temp_253,8766832.877701217
1273,1.0,8774094.885162221,0.0,8774094.885162221,20,temp_268,8766832.877701217
1273,1.0,0.0,8774307.692149246,8774307.692149246,21,temp_269,8766832.877701217
1273,16651.324552033024,8774307.692149246,8773399.140938409,1053.8324911182629,23,temp_271,8766832.877701217
1274,59685.14999656935,8774386.785344463,8774150.057884702,294.01847602356435,36,temp_31,8766832.877701217
1274,27393.04295505409,8775703.696923295,8775468.24867239,640.7164028616049,59,temp_236,8766832.877701217
1282,17049.56534974605,8760891.286165707,8760434.548602754,1027.669942039281,42,temp_3564,8766832.877701217
1286,1.0,8765753.422688188,0.0,8765753.422688188,5,temp_686,8766832.877701217
1286,nan,0.0,0.0,0.0,6,temp_687,8766832.877701217
1286,nan,0.0,0.0,0.0,7,temp_688,8766832.877701217
1286,nan,0.0,0.0,0.0,8,temp_689,8766832.877701217
1286,1.0,0.0,8766415.88351444,8766415.88351444,9,temp_690,8766832.877701217
1286,1.0,8763351.01372633,0.0,8763351.01372633,35,temp_709,8766832.877701217
1286,1.0,0.0,8756739.298306877,8756739.298306877,36,temp_710,8766832.877701217
1295,8165.139693214609,8759726.950848293,8757593.00489873,2145.379088897188,29,temp_934,8766832.877701217
1308,4140.125553968454,8759647.847080639,8755504.073173579,4230.584723080519,45,temp_934,8766832.877701217
1311,1.0,8764365.774212569,0.0,8764365.774212569,6,temp_1063,8766832.877701217
1311,1.0,0.0,8764013.405501338,8764013.405501338,7,temp_1064,8766832.877701217
1317,55598.49100255029,8769968.254796494,8770281.1340701,315.4806735323451,9,temp_1157,8766832.877701217
1320,21299.135442468872,8769968.254796494,8770762.454649577,823.5419112116249,25,temp_1157,8766832.877701217
1324,15851.305265188417,8763179.920061072,8762150.589493569,1105.6080377205658,7,temp_1185,8766832.877701217
1329,1.0,8766405.517153632,0.0,8766405.517153632,39,temp_1272,8766832.877701217
1329,1.0,0.0,8766598.727889633,8766598.727889633,40,temp_1273,8766832.877701217
1334,18287.656906191085,8766226.932027183,8766598.727889633,958.7245512015961,19,temp_1273,8766832.877701217
1337,16878.21555507167,8766306.382308409,8767104.55926264,1038.818996259501,4,temp_1375,8766832.877701217
1338,44855.08558326162,8775245.57297535,8775134.8724089,391.2684641478747,27,temp_252,8766832.877701217
1338,16006.414817347737,8776936.413638469,8777406.4404496,1096.7067300456745,32,temp_1419,8766832.877701217
1338,1.0,8779055.390913658,0.0,8779055.390913658,37,temp_1424,8766832.877701217
1338,nan,0.0,0.0,0.0,38,temp_1425,8766832.877701217
1338,1.0,0.0,8779997.342139784,8779997.342139784,39,temp_1426,8766832.877701217
1345,44855.08558326162,8775245.57297535,8775134.8724089,391.2684641478747,32,temp_252,8766832.877701217
1345,16006.414817347737,8776936.413638469,8777406.4404496,1096.7067300456745,38,temp_1419,8766832.877701217
1345,1.0,8777670.372734832,0.0,8777670.372734832,41,temp_1539,8766832.877701217
1345,1.0,0.0,8779055.390913658,8779055.390913658,42,temp_1540,8766832.877701217
1345,1.0,8779055.390913658,0.0,8779055.390913658,44,temp_1424,8766832.877701217
1345,nan,0.0,0.0,0.0,45,temp_1425,8766832.877701217
1345,1.0,0.0,8779997.342139784,8779997.342139784,46,temp_1426,8766832.877701217
1346,1.0,8773115.325607073,0.0,8773115.325607073,21,temp_1553,8766832.877701217
1346,1.0,0.0,8773503.066965366,8773503.066965366,22,temp_1554,8766832.877701217
1347,59632.83293490294,8773115.325607073,8773409.086040655,294.2426771976784,19,temp_1554,8766832.877701217
1348,22712.067304939446,8771854.45907192,8771339.55848037,772.4173137571222,15,temp_1569,8766832.877701217
1348,1.0,8770510.339336183,0.0,8770510.339336183,33,temp_1237,8766832.877701217
1348,1.0,0.0,8769143.396485144,8769143.396485144,34,temp_1579,8766832.877701217
1349,1.0,8777066.372003555,0.0,8777066.372003555,40,temp_1610,8766832.877701217
1349,1.0,0.0,8777907.417855944,8777907.417855944,41,temp_1540,8766832.877701217
1349,11493.060871628133,8777907.417855944,8779402.408436831,1527.6443779772278,43,temp_1612,8766832.877701217
1350,1.0,8777066.372003555,0.0,8777066.372003555,44,temp_1610,8766832.877701217
1350,1.0,0.0,8777907.417855944,8777907.417855944,45,temp_1540,8766832.877701217
1350,11493.060871628133,8777907.417855944,8779402.408436831,1527.6443779772278,47,temp_1612,8766832.877701217
1354,17120.37322122251,8768021.458126271,8768810.848025063,1024.3253508289515,9,temp_1715,8766832.877701217
1357,44855.08558326162,8775245.57297535,8775134.8724089,391.2684641478747,39,temp_252,8766832.877701217
1358,44855.08558326162,8775245.57297535,8775134.8724089,391.2684641478747,33,temp_252,8766832.877701217
1364,22252.00148433297,8776316.571235342,8776955.312613964,788.8401363000128,33,temp_1831,8766832.877701217
1364,33604.9162343186,8777066.372003555,8777566.281834736,522.3828719415417,36,temp_1610,8766832.877701217
1364,14454.786366573544,8778725.655429445,8779925.990366522,1214.7292391951264,42,temp_1426,8766832.877701217
1365,59685.14999656935,8774386.785344463,8774150.057884702,294.01847602356435,35,temp_31,8766832.877701217
1365,27393.04295505409,8775703.696923295,8775468.24867239,640.7164028616049,58,temp_236,8766832.877701217
1366,11532.76391241099,8765105.10628508,8763641.18101229,1519.90853367195,46,temp_1876,8766832.877701217
1369,547.9241219739936,8759409.83977321,8747080.124018265,31950.573558837397,20,temp_8624,8766832.877701217
1369,10907.272648278486,8757253.22380742,8755746.102589494,1605.6258875275314,23,temp_8626,8766832.877701217
1390,26939.252681566355,8765160.35987502,8764541.392649578,650.7122509942378,4,temp_2251,8766832.877701217
1390,8363.42293623581,8750708.93912939,8751923.86137644,2092.7594997824394,38,temp_2262,8766832.877701217
1392,11718.74029043541,8760445.799129022,8759514.304845378,1495.0378342520166,38,temp_2309,8766832.877701217
1392,10274.83838529043,8758274.152546853,8757756.958526148,1704.7500363751844,44,temp_2313,8766832.877701217
1392,1.0,8757774.167784419,0.0,8757774.167784419,47,temp_2316,8766832.877701217
1392,1.0,0.0,8757038.453174984,8757038.453174984,48,temp_2317,8766832.877701217
1395,7269.044386518541,8772941.398198444,8774018.112166816,2413.929338897497,8,temp_1146,8766832.877701217
1397,1.0,8759876.586270668,0.0,8759876.586270668,31,temp_2356,8766832.877701217
1397,1.0,0.0,8759101.270110805,8759101.270110805,32,temp_2357,8766832.877701217
1397,18219.709478986304,8758956.8661893,8759380.956949795,961.504783780656,36,temp_2360,8766832.877701217
1399,1.0,8760249.609471869,0.0,8760249.609471869,43,temp_2378,8766832.877701217
1399,1.0,0.0,8759101.270110805,8759101.270110805,44,temp_2357,8766832.877701217
1399,18219.709478986304,8758956.8661893,8759380.956949795,961.504783780656,48,temp_2360,8766832.877701217
1401,nan,0.0,0.0,0.0,1,temp_2384,8766832.877701217
1401,1.0,0.0,8773758.522187548,8773758.522187548,2,temp_2385,8766832.877701217
1401,30809.07461865508,8757574.522843057,8757038.453174984,568.4887713379369,59,temp_2317,8766832.877701217
1405,17665.51667848261,8765365.86259532,8765853.606809422,992.3977763276265,54,temp_2408,8766832.877701217
1406,8254.965235283746,8756269.532993142,8755483.306970721,2121.3599743720706,4,temp_2414,8766832.877701217
1406,13472.504785851283,8752540.92225788,8751485.922300056,1299.2407219584381,15,temp_2425,8766832.877701217
1407,13472.504785851283,8752540.92225788,8751485.922300056,1299.2407219584381,13,temp_2425,8766832.877701217
1407,7147.917222183907,8743742.27318159,8741712.794906763,2446.23077248592,60,temp_2526,8766832.877701217
1412,1648.5186336771571,8756252.785305744,8764811.065475384,10628.36870196544,25,temp_2832,8766832.877701217
1412,15344.187405961748,8749033.962363001,8747894.100383762,1140.2968172787437,40,temp_2817,8766832.877701217
1413,1.0,8750188.683757607,0.0,8750188.683757607,37,temp_2677,8766832.877701217
1413,1.0,0.0,8742888.26890001,8742888.26890001,38,temp_2678,8766832.877701217
1413,11141.62300487568,8742888.26890001,8744352.396990536,1569.541588172384,40,temp_2680,8766832.877701217
1420,26939.252681566355,8765160.35987502,8764541.392649578,650.7122509942378,4,temp_2251,8766832.877701217
1420,5922.924400520952,8750414.180240098,8748026.908789743,2954.358338170037,29,temp_2749,8766832.877701217
1420,6548.026769956174,8743971.428542322,8743232.526569046,2670.6066681563693,39,temp_2756,8766832.877701217
1421,11225.512133956843,8747058.17972038,8747265.306634942,1558.4432387218671,15,temp_2776,8766832.877701217
1421,20816.744417536287,8748211.416396836,8749041.400996486,840.537428256717,19,temp_2779,8766832.877701217
1422,1.0,8747839.026484674,0.0,8747839.026484674,29,temp_2817,8766832.877701217
1422,1.0,0.0,8749041.400996486,8749041.400996486,30,temp_2818,8766832.877701217
1422,20565.21372708548,8758061.896465568,8758913.23482092,851.7769551899039,50,temp_2837,8766832.877701217
1422,16106.805078947129,8760249.609471869,8761086.316609247,1087.8219386278467,57,temp_2844,8766832.877701217
1427,619.8517332405239,8774090.825227588,8748036.346625624,28268.255507247286,42,temp_2892,8766832.877701217
1427,327088.20136851177,8748036.346625624,8748088.778317787,53.49054185305669,44,temp_2894,8766832.877701217
1431,600.407466643429,8742999.075229492,8769634.977115843,29167.915166427752,32,temp_2951,8766832.877701217
1432,599.6823028153426,8743018.223359691,8769634.977115843,29203.21830118793,32,temp_2951,8766832.877701217
1435,5559.765428996441,8740187.924291579,8737354.270960812,3143.575465270511,31,temp_3032,8766832.877701217
1436,5559.765428996441,8740187.924291579,8737354.270960812,3143.575465270511,11,temp_3032,8766832.877701217
1437,600.407466643429,8742999.075229492,8769634.977115843,29167.915166427752,32,temp_2951,8766832.877701217
1439,599.6823028153426,8743018.223359691,8769634.977115843,29203.21830118793,33,temp_2951,8766832.877701217
1442,8363.42293623581,8750708.93912939,8751923.86137644,2092.7594997824394,51,temp_2262,8766832.877701217
1443,1.0,8741365.720874803,0.0,8741365.720874803,30,temp_3100,8766832.877701217
1443,nan,0.0,0.0,0.0,31,temp_3101,8766832.877701217
1443,nan,0.0,0.0,0.0,32,temp_3102,8766832.877701217
1467,459.79539908339785,8769229.567274515,8751473.0492259,38105.4326585867,48,temp_2425,8766832.877701217
1468,17049.56534974605,8760891.286165707,8760434.548602754,1027.669942039281,36,temp_3564,8766832.877701217
1472,1764.3827430477827,8753828.985109767,8761876.127911316,9927.384056570727,1,temp_3331,8766832.877701217
1479,18056.24069984378,8769479.329305924,8769940.851555532,971.3771804677597,62,temp_3440,8766832.877701217
1484,9440.837222136912,8748964.76908569,8747999.947553907,1853.3276556884855,5,temp_3484,8766832.877701217
1488,15209.325279829243,8767077.989358332,8767426.606532257,1152.8785316430192,6,temp_3514,8766832.877701217
1488,59585.787957211134,8764289.50210666,8764541.63488647,294.1780538268735,30,temp_3533,8766832.877701217
1488,35631.78576238637,8764768.678705659,8764357.389266867,491.9519382179443,33,temp_3536,8766832.877701217
1488,12319.38944566397,8762559.780120194,8761166.610073335,1422.4508826093909,43,temp_3546,8766832.877701217
1488,48571.36939812271,8761848.440466851,8761611.495309608,360.77755585070537,48,temp_3551,8766832.877701217
1488,17049.56534974605,8760891.286165707,8760434.548602754,1027.669942039281,61,temp_3564,8766832.877701217
1488,21700.74417220867,8756202.438101932,8755403.711436188,806.9587849417892,73,temp_3574,8766832.877701217
1489,21816.008541499777,8766583.696172785,8767256.090483747,803.7143803506752,19,temp_3588,8766832.877701217
1489,8711.707700308725,8767021.224948343,8767822.322405482,2012.7906204580795,27,temp_3589,8766832.877701217
1492,22337.232417064773,8775486.477313,8774771.478813872,785.6952745282429,7,temp_3616,8766832.877701217
1493,17049.56534974605,8760891.286165707,8760434.548602754,1027.669942039281,27,temp_3564,8766832.877701217
1493,8254.965235283746,8756269.532993142,8755483.306970721,2121.3599743720706,53,temp_2414,8766832.877701217
1494,21299.135442468872,8769968.254796494,8770762.454649577,823.5419112116249,9,temp_1157,8766832.877701217
1497,8711.707700308725,8767021.224948343,8767822.322405482,2012.7906204580795,20,temp_3589,8766832.877701217
1498,65885.21655274402,8767021.224948343,8766991.751922322,266.12970092970573,16,temp_3589,8766832.877701217
1503,16571.917671236013,8767094.93848529,8766277.804448776,1058.0171281786452,23,temp_1375,8766832.877701217
1506,8545.323617370163,8744901.299814247,8742901.894573942,2046.4764094879401,47,temp_3646,8766832.877701217
1508,16571.917671236013,8767094.93848529,8766277.804448776,1058.0171281786452,17,temp_1375,8766832.877701217
1509,15799.865348304167,8769968.254796494,8771078.25038585,1110.2022782153053,6,temp_1157,8766832.877701217
1513,16018.075134234197,8774842.249023197,8775655.260517446,1095.66832234613,31,temp_236,8766832.877701217
1515,6612.516223957747,8747894.100383762,8750336.49682416,2646.2287583976345,37,temp_3690,8766832.877701217
1520,16639.93353727216,8773350.059058115,8774252.590064367,1054.5476404588524,7,temp_271,8766832.877701217
1520,1.0,8774252.590064367,0.0,8774252.590064367,9,temp_269,8766832.877701217
1520,1.0,0.0,8774094.885162221,8774094.885162221,10,temp_268,8766832.877701217
1523,24585.07487097191,8763707.157328533,8764239.830753949,712.9507264091387,24,temp_3935,8766832.877701217
1528,1.0,8758683.683639696,0.0,8758683.683639696,27,temp_710,8766832.877701217
1528,1.0,0.0,8763351.01372633,8763351.01372633,28,temp_709,8766832.877701217
1528,1547.8957484194827,8763351.01372633,8758836.896058233,11320.005192646873,30,temp_709,8766832.877701217
1528,1.0,8766434.492243055,0.0,8766434.492243055,54,temp_690,8766832.877701217
1528,nan,0.0,0.0,0.0,55,temp_689,8766832.877701217
1528,nan,0.0,0.0,0.0,56,temp_688,8766832.877701217
1528,nan,0.0,0.0,0.0,57,temp_687,8766832.877701217
1528,1.0,0.0,8765710.452655707,8765710.452655707,58,temp_686,8766832.877701217
1538,8134.414620740802,8757593.085906424,8759731.950984249,2153.4831765552867,8,temp_934,8766832.877701217
1545,6984.923439505369,8757176.55765717,8759684.267285781,2507.809996294446,8,temp_934,8766832.877701217
1548,7828.5884443299265,8756269.532993142,8755516.500505244,2236.902113072732,2,temp_3721,8766832.877701217
1548,8134.414620740802,8757593.085906424,8759731.950984249,2153.4831765552867,16,temp_934,8766832.877701217
1552,20812.414298612475,8770762.166452164,8769940.851555532,842.8000118745042,18,temp_1157,8766832.877701217
1553,22288.745796846975,8771879.314654076,8771339.55848037,787.0886515120181,22,temp_1569,8766832.877701217
1553,15415.430452811723,8771078.25038585,8769940.851555532,1137.8870772137252,26,temp_1157,8766832.877701217
1556,850.5355512227413,8760002.789439412,8764365.41160152,20603.92205340231,1,temp_3728,8766832.877701217
1558,24413.731963649498,8763179.920061072,8763897.835204674,717.918824592752,32,temp_1185,8766832.877701217
1559,27046.400523856086,8759150.237476703,8759778.292927757,647.7360458724263,31,temp_4008,8766832.877701217
1561,13604.19832757279,8770510.339336183,8770226.484547058,1289.3620338018693,1,temp_1237,8766832.877701217
1568,1.0,8739447.67106417,0.0,8739447.67106417,1,temp_1304,8766832.877701217
1568,nan,0.0,0.0,0.0,2,temp_1579,8766832.877701217
1568,1.0,0.0,8743786.907127434,8743786.907127434,3,temp_3739,8766832.877701217
1572,16571.917671236013,8767094.93848529,8766277.804448776,1058.0171281786452,20,temp_1375,8766832.877701217
1573,5495.49390259952,8778725.655429445,8779055.390913658,3194.941411551342,6,temp_1610,8766832.877701217
1573,1.0,8779055.390913658,0.0,8779055.390913658,8,temp_1424,8766832.877701217
1573,1.0,0.0,8779055.390913658,8779055.390913658,9,temp_1425,8766832.877701217
1573,3220.9032423836125,8779055.390913658,8773693.883057432,5449.635693179429,11,temp_1540,8766832.877701217
1573,1.0,8777670.372734832,0.0,8777670.372734832,14,temp_1539,8766832.877701217
1573,1.0,0.0,8777406.4404496,8777406.4404496,15,temp_1419,8766832.877701217
1578,18287.656906191085,8766226.932027183,8766598.727889633,958.7245512015961,32,temp_1273,8766832.877701217
1580,3077.158076112534,8779997.342139784,8774951.871254323,5704.922782378408,6,temp_1425,8766832.877701217
1580,4262.294828027319,8774951.871254323,8779055.390913658,4118.440410724086,8,temp_1424,8766832.877701217
1580,8755.601581559058,8779055.390913658,8777406.4404496,2005.169110063261,10,temp_1540,8766832.877701217
1580,1.0,8777670.372734832,0.0,8777670.372734832,13,temp_1539,8766832.877701217
1580,1.0,0.0,8775245.57297535,8775245.57297535,14,temp_1419,8766832.877701217
1580,14662.904397628494,8774056.624175487,8772890.771818528,1196.6897498719266,27,temp_1426,8766832.877701217
1582,1.0,8731266.756170696,0.0,8731266.756170696,1,temp_1304,8766832.877701217
1582,nan,0.0,0.0,0.0,2,temp_1579,8766832.877701217
1582,1.0,0.0,8743786.907127434,8743786.907127434,3,temp_3739,8766832.877701217
1582,47736.635365993345,8771760.056678653,8771879.314654076,367.5089213311099,22,temp_1569,8766832.877701217
1582,32365.20122285857,8774827.166394776,8774767.59632607,542.2365410886459,35,temp_1562,8766832.877701217
1583,2463.7492577312732,8779402.408436831,8774150.057884702,7124.731711734986,9,temp_1612,8766832.877701217
1583,34373.863730311525,8777566.281834736,8777064.172599679,510.69703982547685,12,temp_1610,8766832.877701217
1584,3666.6641752731844,8779402.408436831,8776936.413638469,4788.095659392441,9,temp_1612,8766832.877701217
1584,1.0,8776936.413638469,0.0,8776936.413638469,11,temp_1540,8766832.877701217
1584,1.0,0.0,8777085.754567118,8777085.754567118,12,temp_1610,8766832.877701217
1587,21000.720588171193,8768810.848025063,8768261.16499446,835.0700129260044,23,temp_1715,8766832.877701217
1590,3264.6498876758756,8774386.785344463,8779055.390913658,5376.822256659971,17,temp_31,8766832.877701217
1590,14662.904397628494,8774056.624175487,8772890.771818528,1196.6897498719266,30,temp_1426,8766832.877701217
1597,35820.51899140034,8777566.281834736,8777085.754567118,490.0725207419889,11,temp_1610,8766832.877701217
1597,14662.904397628494,8774056.624175487,8772890.771818528,1196.6897498719266,24,temp_1426,8766832.877701217
1598,44855.08558326162,8775245.57297535,8775134.8724089,391.2684641478747,25,temp_252,8766832.877701217
1599,11575.895660613252,8763655.45583666,8765105.10628508,1514.2465927507442,1,temp_1876,8766832.877701217
1618,7696.36390161858,8751923.86137644,8750842.408236625,2274.160433855285,9,temp_2262,8766832.877701217
1618,9692.342880995717,8756661.982085241,8758220.651202355,1807.0845045762815,26,temp_3816,8766832.877701217
1623,18219.709478986304,8759380.956949795,8758956.8661893,961.504783780656,1,temp_2360,8766832.877701217
1623,12910.715524882758,8759101.270110805,8759598.276362382,1356.91159120573,5,temp_2357,8766832.877701217
1623,11671.753976654665,8760286.265367197,8759101.270110805,1501.0072668186392,10,temp_2357,8766832.877701217
1625,18219.709478986304,8759380.956949795,8758956.8661893,961.504783780656,1,temp_2360,8766832.877701217
1625,1.0,8759101.270110805,0.0,8759101.270110805,5,temp_2357,8766832.877701217
1625,1.0,0.0,8760249.609471869,8760249.609471869,6,temp_2378,8766832.877701217
1630,39954.191764364725,8749562.07293394,8749863.853444263,437.9872337196419,16,temp_3834,8766832.877701217
1630,238335.1678837486,8750567.643848807,8750507.354948174,73.4305186859095,20,temp_3836,8766832.877701217
1631,39954.191764364725,8749562.07293394,8749863.853444263,437.9872337196419,15,temp_3834,8766832.877701217
1631,238335.1678837486,8750567.643848807,8750507.354948174,73.4305186859095,19,temp_3836,8766832.877701217
1632,39954.191764364725,8749562.07293394,8749863.853444263,437.9872337196419,15,temp_3834,8766832.877701217
1632,238335.1678837486,8750567.643848807,8750507.354948174,73.4305186859095,19,temp_3836,8766832.877701217
1634,7505.175683969009,8750414.180240098,8749200.959379636,2331.6729516403943,7,temp_2749,8766832.877701217
1635,11673.43274945501,8746971.209996179,8747265.306634942,1498.6368527670543,1,temp_2776,8766832.877701217
1635,19691.931287007406,8747839.026484674,8748700.44644533,888.5131284443437,4,temp_2817,8766832.877701217
1636,11141.62300487568,8744352.396990536,8742888.26890001,1569.541588172384,12,temp_2680,8766832.877701217
1636,1.0,8742888.26890001,0.0,8742888.26890001,14,temp_2678,8766832.877701217
1636,1.0,0.0,8750168.306618236,8750168.306618236,15,temp_3852,8766832.877701217
1636,11351.313072930432,8752039.01987356,8753301.08499188,1542.1423048061783,28,temp_3856,8766832.877701217
1641,10173.060811208217,8743232.526569046,8743734.398628373,1718.9484315213244,4,temp_2756,8766832.877701217
1641,6010.228459987726,8748069.97950659,8750430.564923361,2911.453476506563,14,temp_2749,8766832.877701217
1641,15430.70129169872,8760550.50249281,8761658.475990374,1135.5419722828565,31,temp_3863,8766832.877701217
1642,13969.17650113223,8757148.790034158,8756252.785305744,1253.7175383187696,20,temp_3866,8766832.877701217
1644,15898.402015819358,8761074.251726795,8760249.609471869,1102.080815654583,5,temp_2844,8766832.877701217
1644,23589.818051946477,8758803.133751044,8758061.896465568,742.5604127867038,12,temp_2837,8766832.877701217
1644,1673.9181361390195,8756166.483025622,8764811.065475384,10467.045651894343,16,temp_2832,8766832.877701217
1644,9817.444699721678,8749603.306770826,8747894.100383762,1782.286322188363,33,temp_2817,8766832.877701217
1644,6888.8116487966245,8744908.9007586,8745547.304132279,2538.9656586047327,61,temp_2795,8766832.877701217
1651,2279.560188980396,8749454.056132667,8743054.788661098,7673.633242655389,5,temp_2951,8766832.877701217
1652,2409.0411962432463,8749454.056132667,8743009.488790385,7261.172441634243,5,temp_2951,8766832.877701217
1653,16878.21555507167,8766306.382308409,8767104.55926264,1038.818996259501,35,temp_1375,8766832.877701217
1661,2279.560188980396,8749454.056132667,8743054.788661098,7673.633242655389,7,temp_2951,8766832.877701217
1664,2409.0411962432463,8749454.056132667,8743009.488790385,7261.172441634243,6,temp_2951,8766832.877701217
1667,7696.36390161858,8751923.86137644,8750842.408236625,2274.160433855285,9,temp_2262,8766832.877701217
1667,8711.707700308725,8767021.224948343,8767822.322405482,2012.7906204580795,56,temp_3589,8766832.877701217
1668,1.0,8737467.583590174,0.0,8737467.583590174,1,temp_3102,8766832.877701217
1668,nan,0.0,0.0,0.0,2,temp_3101,8766832.877701217
1668,1.0,0.0,8741259.381233662,8741259.381233662,3,temp_3100,8766832.877701217
1675,16144.617100870828,8760891.286165707,8760027.200623732,1085.248313869542,5,temp_3564,8766832.877701217
1679,inf,8742893.531149458,8742893.531149458,0.0,13,temp_3834,8766832.877701217
1679,238335.1678837486,8750567.643848807,8750507.354948174,73.4305186859095,16,temp_3836,8766832.877701217
1679,59585.787957211134,8764289.50210666,8764541.63488647,294.1780538268735,51,temp_3533,8766832.877701217
1692,8711.707700308725,8767021.224948343,8767822.322405482,2012.7906204580795,51,temp_3589,8766832.877701217
1693,34648.98400941679,8763967.07758657,8764239.830753949,505.87939039068976,34,temp_3935,8766832.877701217
1693,8711.707700308725,8767021.224948343,8767822.322405482,2012.7906204580795,48,temp_3589,8766832.877701217
1696,18287.656906191085,8766226.932027183,8766598.727889633,958.7245512015961,15,temp_1273,8766832.877701217
1701,15415.430452811723,8771078.25038585,8769940.851555532,1137.8870772137252,18,temp_1157,8766832.877701217
1703,11673.43274945501,8746971.209996179,8747265.306634942,1498.6368527670543,1,temp_2776,8766832.877701217
1706,17626.756954137873,8769968.254796494,8769479.329305924,995.0467706417795,6,temp_3440,8766832.877701217
1709,71536.20921770271,8747158.438047634,8747265.306634942,244.55340779160716,60,temp_2776,8766832.877701217
1710,16144.617100870828,8760891.286165707,8760027.200623732,1085.248313869542,54,temp_3564,8766832.877701217
1711,35597.234441222914,8743678.870138532,8744100.403035223,491.2679186370237,15,temp_3996,8766832.877701217
1711,9221.751575588012,8747966.14526522,8748956.263126161,1897.3534761779474,23,temp_3997,8766832.877701217
1715,20812.414298612475,8770762.166452164,8769940.851555532,842.8000118745042,24,temp_1157,8766832.877701217
1718,7448.04839054206,8767822.322405482,8767031.153751506,2354.288339268003,21,temp_3589,8766832.877701217
1719,28297.621800446977,8767209.897833975,8767021.224948343,619.636209941337,15,temp_3589,8766832.877701217
1723,16878.21555507167,8766306.382308409,8767104.55926264,1038.818996259501,54,temp_1375,8766832.877701217
1726,8545.323617370163,8742901.894573942,8744901.299814247,2046.4764094879401,5,temp_3646,8766832.877701217
1727,27046.400523856086,8759150.237476703,8759778.292927757,647.7360458724263,24,temp_4008,8766832.877701217
1727,59585.787957211134,8764289.50210666,8764541.63488647,294.1780538268735,37,temp_3533,8766832.877701217
1728,16878.21555507167,8766306.382308409,8767104.55926264,1038.818996259501,44,temp_1375,8766832.877701217
1728,40030.09883224993,8774827.166394776,8775006.132152,438.41593726987986,59,temp_1562,8766832.877701217
1729,15415.430452811723,8771078.25038585,8769940.851555532,1137.8870772137252,18,temp_1157,8766832.877701217
1734,nan,0.0,0.0,0.0,1,temp_3691,8766832.877701217
1734,1.0,0.0,8747839.026484674,8747839.026484674,2,temp_3690,8766832.877701217
1734,15430.70129169872,8760550.50249281,8761658.475990374,1135.5419722828565,30,temp_3863,8766832.877701217
1735,34648.98400941679,8763967.07758657,8764239.830753949,505.87939039068976,38,temp_3935,8766832.877701217
1736,59685.14999656935,8774386.785344463,8774150.057884702,294.01847602356435,16,temp_31,8766832.877701217
1736,14164.572395530111,8776745.541869981,8777794.26321542,1239.3271971009203,20,temp_33,8766832.877701217
1736,7547.442566166749,8778789.256269317,8780613.420329351,2326.5367735705563,27,temp_37,8766832.877701217
1737,17049.56534974605,8760891.286165707,8760434.548602754,1027.669942039281,23,temp_3564,8766832.877701217
1738,23100.85935776401,8766559.083843773,8765802.338306425,758.9484508184634,6,temp_8058,8766832.877701217
1738,25814.983462802797,8764768.678705659,8764651.17885572,679.04052244774,32,temp_8067,8766832.877701217
1739,25814.983462802797,8764768.678705659,8764651.17885572,679.04052244774,18,temp_8067,8766832.877701217
1740,1.0,8765281.885908255,0.0,8765281.885908255,40,temp_3866,8766832.877701217
1741,117585.62959681623,8773566.416562943,8773714.295149207,149.2298061581095,13,temp_8087,8766832.877701217
1741,25687.87125061302,8775694.599311057,8775477.442829581,683.2474310895573,26,temp_4245,8766832.877701217
1741,16689.76293140545,8774842.249023197,8775468.24867239,1051.5614014307434,35,temp_236,8766832.877701217
1741,1.0,8776643.99290709,0.0,8776643.99290709,45,temp_1610,8766832.877701217
1741,1.0,0.0,8779055.390913658,8779055.390913658,46,temp_1540,8766832.877701217
1741,4602.202797561777,8779055.390913658,8775284.801904414,3814.3343448746477,48,temp_5653,8766832.877701217
1741,1.0,8775245.57297535,0.0,8775245.57297535,52,temp_252,8766832.877701217
1741,1.0,0.0,8775134.8724089,8775134.8724089,53,temp_4273,8766832.877701217
1742,59685.14999656935,8774386.785344463,8774150.057884702,294.01847602356435,39,temp_31,8766832.877701217
1742,22252.00148433297,8776316.571235342,8776955.312613964,788.8401363000128,54,temp_1831,8766832.877701217
1742,33604.9162343186,8777066.372003555,8777566.281834736,522.3828719415417,57,temp_1610,8766832.877701217
1744,17859.972419408314,8768456.406133508,8768852.203855153,981.9336893785448,53,temp_8122,8766832.877701217
1746,17049.56534974605,8760891.286165707,8760434.548602754,1027.669942039281,6,temp_3564,8766832.877701217
1747,1.0,8764519.410354408,0.0,8764519.410354408,25,temp_8162,8766832.877701217
1747,1.0,0.0,8762628.913289474,8762628.913289474,26,temp_8163,8766832.877701217
1748,17049.56534974605,8760891.286165707,8760434.548602754,1027.669942039281,23,temp_3564,8766832.877701217
1750,17049.56534974605,8760891.286165707,8760434.548602754,1027.669942039281,6,temp_3564,8766832.877701217
1751,17049.56534974605,8760891.286165707,8760434.548602754,1027.669942039281,25,temp_3564,8766832.877701217
1752,17049.56534974605,8760891.286165707,8760434.548602754,1027.669942039281,6,temp_3564,8766832.877701217
1752,459.79539908339785,8769229.567274515,8751473.0492259,38105.4326585867,43,temp_2425,8766832.877701217
1756,22981.495145573455,8774771.478813872,8775468.24867239,763.668317327329,30,temp_8202,8766832.877701217
1757,17049.56534974605,8760891.286165707,8760434.548602754,1027.669942039281,22,temp_3564,8766832.877701217
1757,8254.965235283746,8756269.532993142,8755483.306970721,2121.3599743720706,42,temp_3721,8766832.877701217
1758,17049.56534974605,8760891.286165707,8760434.548602754,1027.669942039281,42,temp_3564,8766832.877701217
1758,51258.57389370299,8756136.449418847,8755907.755147766,341.64126846139067,63,temp_7641,8766832.877701217
1758,8254.965235283746,8756269.532993142,8755483.306970721,2121.3599743720706,66,temp_3721,8766832.877701217
1759,17049.56534974605,8760891.286165707,8760434.548602754,1027.669942039281,23,temp_3564,8766832.877701217
1760,2030.197095444618,8760891.286165707,8759983.236128364,8630.134759628821,21,temp_3564,8766832.877701217
1760,543.7266762940162,8734100.8678023,8757593.00489873,32170.01231560418,26,temp_8224,8766832.877701217
1761,17049.56534974605,8760891.286165707,8760434.548602754,1027.669942039281,23,temp_3564,8766832.877701217
1761,491.1587633293877,8776800.679757249,8751473.0492259,35687.59235845721,53,temp_2425,8766832.877701217
1761,8436.357934953694,8751473.0492259,8751241.5321182,2074.6766218662306,55,temp_8225,8766832.877701217
1762,17049.56534974605,8760891.286165707,8760434.548602754,1027.669942039281,27,temp_3564,8766832.877701217
1762,20987.062268778784,8756136.449418847,8756833.554106224,834.4650518132823,48,temp_7641,8766832.877701217
1762,8254.965235283746,8756269.532993142,8755483.306970721,2121.3599743720706,53,temp_3721,8766832.877701217
1763,13482.221440646075,8760990.28805748,8760027.200623732,1299.5645833155515,22,temp_3564,8766832.877701217
1763,28109.907359094264,8757472.496103343,8757029.74158089,623.0722148580063,31,temp_8233,8766832.877701217
1763,1.0,8750655.592950195,0.0,8750655.592950195,58,temp_8234,8766832.877701217
1763,1.0,0.0,8751716.624692496,8751716.624692496,59,temp_2425,8766832.877701217
1763,106274.38572174554,8751716.624692496,8751844.85556262,164.7016010620289,61,temp_8237,8766832.877701217
1764,23454.161419902513,8767731.61696994,8767449.984637594,747.6362632486912,2,temp_8242,8766832.877701217
1764,17049.56534974605,8760891.286165707,8760434.548602754,1027.669942039281,30,temp_3564,8766832.877701217
1765,17049.56534974605,8760891.286165707,8760434.548602754,1027.669942039281,27,temp_3564,8766832.877701217
1765,20987.062268778784,8756136.449418847,8756833.554106224,834.4650518132823,48,temp_7641,8766832.877701217
1765,8254.965235283746,8756269.532993142,8755483.306970721,2121.3599743720706,53,temp_3721,8766832.877701217
1766,17049.56534974605,8760891.286165707,8760434.548602754,1027.669942039281,24,temp_3564,8766832.877701217
1768,1.0,8764519.410354408,0.0,8764519.410354408,26,temp_8162,8766832.877701217
1768,1.0,0.0,8762628.913289474,8762628.913289474,27,temp_8163,8766832.877701217
1768,12341.932723172244,8763343.818977365,8764644.7865338,1420.1980353208369,36,temp_8251,8766832.877701217
1769,8108.4857579908485,8757614.87198718,8755483.306970721,2159.8481765474994,54,temp_3721,8766832.877701217
1770,22346.208882763392,8766559.083843773,8765779.917613378,784.5777820049203,6,temp_8058,8766832.877701217
1771,17049.56534974605,8760891.286165707,8760434.548602754,1027.669942039281,39,temp_3564,8766832.877701217
1771,6806.5615175556595,8756269.532993142,8757053.86275521,2573.005966460089,60,temp_3721,8766832.877701217
1773,22346.208882763392,8766559.083843773,8765779.917613378,784.5777820049203,6,temp_8058,8766832.877701217
1777,17049.56534974605,8760891.286165707,8760434.548602754,1027.669942039281,22,temp_3564,8766832.877701217
1779,17049.56534974605,8760891.286165707,8760434.548602754,1027.669942039281,22,temp_3564,8766832.877701217
1779,6100.765423904135,8756269.532993142,8755633.368448742,2870.4435730025634,42,temp_3721,8766832.877701217
1779,6584.468266564805,8755633.368448742,8755288.376675677,2659.428375415358,44,temp_7119,8766832.877701217
1780,47736.635365993345,8771760.056678653,8771879.314654076,367.5089213311099,11,temp_1569,8766832.877701217
1780,16018.075134234197,8774842.249023197,8775655.260517446,1095.66832234613,30,temp_236,8766832.877701217
1781,47736.635365993345,8771760.056678653,8771879.314654076,367.5089213311099,11,temp_1569,8766832.877701217
1781,22902.246513633196,8775318.185562909,8776015.499186322,766.3586047902032,26,temp_8289,8766832.877701217
1781,3753.6938528689,8776015.499186322,8772703.622189477,4675.053376546289,28,temp_8291,8766832.877701217
1782,22697.244887033645,8764724.50405115,8764651.17885572,772.3129291749835,12,temp_8067,8766832.877701217
1782,18287.656906191085,8766226.932027183,8766598.727889633,958.7245512015961,22,temp_1273,8766832.877701217
1783,18287.656906191085,8766226.932027183,8766598.727889633,958.7245512015961,13,temp_1273,8766832.877701217
1784,1.0,8758704.815805422,0.0,8758704.815805422,28,temp_1272,8766832.877701217
1784,1.0,0.0,8766586.239946896,8766586.239946896,29,temp_1273,8766832.877701217
1785,18287.656906191085,8766226.932027183,8766598.727889633,958.7245512015961,20,temp_1273,8766832.877701217
1785,45984.879777205664,8772034.710540678,8771913.662763342,381.51558639064694,35,temp_5593,8766832.877701217
1788,1.0,8770510.339336183,0.0,8770510.339336183,17,temp_1237,8766832.877701217
1788,1.0,0.0,8769143.396485144,8769143.396485144,18,temp_8341,8766832.877701217
1789,19402.831942785688,8766226.932027183,8766586.239946896,903.6213488667094,11,temp_1273,8766832.877701217
1789,9763.808765430837,8769361.80278843,8769140.623911334,1796.2767243860355,25,temp_8347,8766832.877701217
1790,18287.656906191085,8766226.932027183,8766598.727889633,958.7245512015961,10,temp_1273,8766832.877701217
1790,1.0,8769140.623911334,0.0,8769140.623911334,25,temp_199,8766832.877701217
1790,nan,0.0,0.0,0.0,26,temp_200,8766832.877701217
1791,19402.831942785688,8766226.932027183,8766586.239946896,903.6213488667094,29,temp_1273,8766832.877701217
1792,18287.656906191085,8766226.932027183,8766598.727889633,958.7245512015961,32,temp_1273,8766832.877701217
1793,18287.656906191085,8766226.932027183,8766598.727889633,958.7245512015961,30,temp_1273,8766832.877701217
1793,3257.7288987342613,8766178.646582298,8761513.089118566,5380.340808135069,36,temp_8358,8766832.877701217
1793,1.0,8761513.089118566,0.0,8761513.089118566,38,temp_8360,8766832.877701217
1794,685.5725599368774,8768144.327945767,8746295.46715838,25547.171544784043,12,temp_8364,8766832.877701217
1794,17767.81569196934,8769479.329305924,8769958.928829992,987.146566702814,18,temp_3440,8766832.877701217
1795,17626.756954137873,8769968.254796494,8769479.329305924,995.0467706417795,6,temp_3440,8766832.877701217
1797,22239.553126155013,8774709.91702934,8773932.853074549,789.0735335624014,26,temp_8388,8766832.877701217
1801,27848.122477149365,8772088.446052423,8771879.314654076,629.9874533768699,2,temp_1569,8766832.877701217
1801,1.0,8774905.275803555,0.0,8774905.275803555,22,temp_8202,8766832.877701217
1801,1.0,0.0,8773503.066965366,8773503.066965366,23,temp_236,8766832.877701217
1801,5357.831578985622,8776438.89134323,8779055.390913658,3276.6043544766667,30,temp_1540,8766832.877701217
1801,44855.08558326162,8775245.57297535,8775134.8724089,391.2684641478747,42,temp_252,8766832.877701217
1802,16689.76293140545,8774842.249023197,8775468.24867239,1051.5614014307434,27,temp_236,8766832.877701217
1802,80877.8680638742,8775466.250694847,8775284.801904414,217.00313661505467,40,temp_5653,8766832.877701217
1802,44855.08558326162,8775245.57297535,8775134.8724089,391.2684641478747,44,temp_252,8766832.877701217
1803,44855.08558326162,8775245.57297535,8775134.8724089,391.2684641478747,32,temp_252,8766832.877701217
1803,inf,8777406.4404496,8777406.4404496,0.0,38,temp_1419,8766832.877701217
1803,1.0,8777670.372734832,0.0,8777670.372734832,41,temp_1539,8766832.877701217
1803,1.0,0.0,8779055.390913658,8779055.390913658,42,temp_1540,8766832.877701217
1804,16018.075134234197,8774842.249023197,8775655.260517446,1095.66832234613,31,temp_236,8766832.877701217
1805,22252.00148433297,8776316.571235342,8776955.312613964,788.8401363000128,44,temp_1831,8766832.877701217
1805,33604.9162343186,8777066.372003555,8777566.281834736,522.3828719415417,47,temp_1610,8766832.877701217
1806,17936.794193832575,8767209.897833975,8767031.153751506,977.5571298919454,12,temp_3589,8766832.877701217
1808,7257.164211280961,8774771.478813872,8776830.417916005,2418.520703919947,30,temp_8202,8766832.877701217
1811,22252.00148433297,8776316.571235342,8776955.312613964,788.8401363000128,30,temp_1831,8766832.877701217
1811,27393.04295505409,8775703.696923295,8775468.24867239,640.7164028616049,38,temp_236,8766832.877701217
1816,7417.135575309135,8765802.338306425,8767822.322405482,2363.9347673621473,47,temp_8058,8766832.877701217
1817,17859.972419408314,8768456.406133508,8768852.203855153,981.9336893785448,32,temp_8122,8766832.877701217
1822,17859.972419408314,8768456.406133508,8768852.203855153,981.9336893785448,28,temp_8122,8766832.877701217
1823,17859.972419408314,8768456.406133508,8768852.203855153,981.9336893785448,27,temp_8122,8766832.877701217
1824,17859.972419408314,8768456.406133508,8768852.203855153,981.9336893785448,15,temp_8122,8766832.877701217
1824,995.5795504197135,8755292.990907056,8758027.05623607,17591.080531696247,22,temp_8496,8766832.877701217
1824,680.3139599564777,8758027.05623607,8770197.39766331,25764.904861015533,24,temp_8497,8766832.877701217
1824,1.0,8765551.190190854,0.0,8765551.190190854,27,temp_8500,8766832.877701217
1824,1.0,0.0,8769941.715939043,8769941.715939043,28,temp_8501,8766832.877701217
1827,21890.89608060057,8766155.85752661,8766835.840331294,800.9261764937714,8,temp_7742,8766832.877701217
1827,1457.8191786115535,8767183.089885086,8755270.046255464,12019.634117332142,39,temp_4947,8766832.877701217
1830,441.6122398531325,8772274.563404808,8754524.733162545,39688.20996083863,3,temp_7613,8766832.877701217
1834,14591.129074829489,8764781.423750283,8764463.12292958,1201.3631335027244,16,temp_8574,8766832.877701217
1834,16488.654760863134,8767427.797167523,8767925.311833117,1063.479911691881,44,temp_8580,8766832.877701217
1834,16398.91411981003,8767631.0088928,8767174.376744881,1069.2662488216513,48,temp_8581,8766832.877701217
1842,16040.707547405766,8760748.695755424,8761665.267448632,1092.3716370627258,4,temp_3863,8766832.877701217
1842,17665.51667848261,8765365.86259532,8765853.606809422,992.3977763276265,44,temp_6428,8766832.877701217
1845,17665.51667848261,8765365.86259532,8765853.606809422,992.3977763276265,47,temp_6428,8766832.877701217
1846,16052.087671998343,8760662.488758206,8759710.494627755,1091.4700530790728,42,temp_8634,8766832.877701217
1847,24585.07487097191,8763707.157328533,8764239.830753949,712.9507264091387,17,temp_3935,8766832.877701217
1848,723.6049259162587,8760996.013081733,8743246.638900565,24190.33097351804,43,temp_8642,8766832.877701217
1850,925.2469877524428,8754446.913317075,8745824.590846473,18914.162094895557,22,temp_6885,8766832.877701217
1850,1.0,8748296.709607795,0.0,8748296.709607795,67,temp_8663,8766832.877701217
1850,1.0,0.0,8742893.531149458,8742893.531149458,68,temp_8664,8766832.877701217
1850,1532.8750138082498,8742893.531149458,8750507.354948174,11412.150846295883,70,temp_3836,8766832.877701217
1850,19363.11966015232,8750507.354948174,8750922.680445375,903.8538387701043,72,temp_8666,8766832.877701217
1851,925.2469877524428,8754446.913317075,8745824.590846473,18914.162094895557,28,temp_6885,8766832.877701217
1853,1.0,8766237.075403497,0.0,8766237.075403497,46,temp_5957,8766832.877701217
1855,5982.648825491456,8754446.913317075,8752299.949163776,2926.253466171437,20,temp_6885,8766832.877701217
1856,1.0,8765365.86259532,0.0,8765365.86259532,34,temp_6428,8766832.877701217
1856,1.0,0.0,8765853.606809422,8765853.606809422,35,temp_6428,8766832.877701217
1857,22727.513935471172,8765285.78849983,8764541.392649578,771.3042099950204,4,temp_6271,8766832.877701217
1858,43731.77863257206,8759656.135277983,8759659.049739577,400.6083386685974,4,temp_8698,8766832.877701217
1860,47736.635365993345,8771760.056678653,8771879.314654076,367.5089213311099,3,temp_1569,8766832.877701217
1861,1.0,8760055.419101287,0.0,8760055.419101287,8,temp_6272,8766832.877701217
1861,1.0,0.0,8759488.637773367,8759488.637773367,9,temp_8711,8766832.877701217
1861,19841.46188563853,8760689.027593335,8761405.372734882,883.1050101711962,38,temp_8712,8766832.877701217
1862,8254.965235283746,8756269.532993142,8755483.306970721,2121.3599743720706,5,temp_6434,8766832.877701217
1862,13472.504785851283,8752540.92225788,8751485.922300056,1299.2407219584381,17,temp_2425,8766832.877701217
1862,9435.285118493417,8748956.263126161,8747999.947553907,1854.4173271866005,25,temp_3484,8766832.877701217
1864,9692.342880995717,8756661.982085241,8758220.651202355,1807.0845045762815,16,temp_3816,8766832.877701217
1865,5982.648825491456,8754446.913317075,8752299.949163776,2926.253466171437,42,temp_6885,8766832.877701217
1867,47736.635365993345,8771760.056678653,8771879.314654076,367.5089213311099,3,temp_1569,8766832.877701217
1867,11510.978674432632,8752948.429137891,8751498.391740914,1520.674072636277,59,temp_8741,8766832.877701217
1868,16052.087671998343,8760662.488758206,8759710.494627755,1091.4700530790728,19,temp_8634,8766832.877701217
1869,9692.342880995717,8756661.982085241,8758220.651202355,1807.0845045762815,20,temp_3816,8766832.877701217
1870,9692.342880995717,8756661.982085241,8758220.651202355,1807.0845045762815,20,temp_3816,8766832.877701217
1871,9692.342880995717,8756661.982085241,8758220.651202355,1807.0845045762815,20,temp_3816,8766832.877701217
1871,1432.3831503507186,8768097.482639853,8764772.3977494,12240.349152457102,39,temp_8755,8766832.877701217
1872,9692.342880995717,8756661.982085241,8758220.651202355,1807.0845045762815,23,temp_3816,8766832.877701217
1873,16052.087671998343,8760662.488758206,8759710.494627755,1091.4700530790728,38,temp_8634,8766832.877701217
1877,9219.325529980855,8751494.419764074,8749910.250302747,1898.3389417320163,2,temp_7899,8766832.877701217
1878,10133.90703776716,8751467.333425831,8749910.250302747,1727.0118542141986,44,temp_7899,8766832.877701217
1879,1648.5186336771571,8756252.785305744,8764811.065475384,10628.36870196544,25,temp_2832,8766832.877701217
1879,1.0,8749033.962363001,0.0,8749033.962363001,40,temp_7887,8766832.877701217
1879,1.0,0.0,8747894.100383762,8747894.100383762,41,temp_2817,8766832.877701217
1880,22727.513935471172,8765285.78849983,8764541.392649578,771.3042099950204,10,temp_6271,8766832.877701217
1881,22727.513935471172,8765285.78849983,8764541.392649578,771.3042099950204,10,temp_6271,8766832.877701217
1882,1134.3556606128157,8755434.009847684,8751494.419764074,15433.368067431291,59,temp_8800,8766832.877701217
1885,1.0,8742516.315286903,0.0,8742516.315286903,30,temp_8808,8766832.877701217
1885,1.0,0.0,8742577.569320768,8742577.569320768,31,temp_8809,8766832.877701217
1887,24282.964441812434,8764769.657455342,8764651.17885572,721.8814193100512,3,temp_8067,8766832.877701217
1888,27791.77069537283,8764636.48117275,8764651.17885572,630.7366253186235,5,temp_8067,8766832.877701217
1889,24469.239162153146,8747519.250704631,8746804.617540956,714.9516890293941,52,temp_7622,8766832.877701217
1890,16571.917671236013,8767094.93848529,8766277.804448776,1058.0171281786452,13,temp_1375,8766832.877701217
1891,24469.239162153146,8747519.250704631,8746804.617540956,714.9516890293941,14,temp_7622,8766832.877701217
1892,24469.239162153146,8747519.250704631,8746804.617540956,714.9516890293941,13,temp_7622,8766832.877701217
1892,9166.238482543482,8739768.209637133,8737861.827012876,1906.7396151578475,31,temp_8837,8766832.877701217
1893,24469.239162153146,8747519.250704631,8746804.617540956,714.9516890293941,14,temp_7622,8766832.877701217
1893,9166.238482543482,8739768.209637133,8737861.827012876,1906.7396151578475,32,temp_8837,8766832.877701217
1894,20980.518147577903,8752948.429137891,8752841.19719607,834.3830930769894,9,temp_8741,8766832.877701217
1897,9166.238482543482,8739768.209637133,8737861.827012876,1906.7396151578475,11,temp_8837,8766832.877701217
1898,24469.239162153146,8747519.250704631,8746804.617540956,714.9516890293941,13,temp_7622,8766832.877701217
1898,9166.238482543482,8739768.209637133,8737861.827012876,1906.7396151578475,31,temp_8837,8766832.877701217
1900,16052.087671998343,8760662.488758206,8759710.494627755,1091.4700530790728,22,temp_8634,8766832.877701217
1900,8365.23242335549,8752145.154779207,8750544.620011788,2092.3136248939104,54,temp_8865,8766832.877701217
1901,16052.087671998343,8760662.488758206,8759710.494627755,1091.4700530790728,22,temp_8634,8766832.877701217
1903,24469.239162153146,8747519.250704631,8746804.617540956,714.9516890293941,26,temp_7622,8766832.877701217
1904,24469.239162153146,8747519.250704631,8746804.617540956,714.9516890293941,13,temp_7622,8766832.877701217
1904,9166.238482543482,8739768.209637133,8737861.827012876,1906.7396151578475,31,temp_8837,8766832.877701217
1907,18119.95089137216,8751108.303914852,8752073.857183797,965.9618983533127,7,temp_8817,8766832.877701217
1908,20987.062268778784,8756136.449418847,8756833.554106224,834.4650518132823,52,temp_7641,8766832.877701217
1908,7828.5884443299265,8756269.532993142,8755516.500505244,2236.902113072732,57,temp_3721,8766832.877701217
1908,12774.451607927509,8755633.368448742,8755390.063284487,1370.784748275716,60,temp_7119,8766832.877701217
1909,17049.56534974605,8760891.286165707,8760434.548602754,1027.669942039281,22,temp_3564,8766832.877701217
1909,8061.622371067856,8751923.86137644,8750986.429577602,2171.1399375105657,56,temp_2262,8766832.877701217
1911,17043.9545560492,8751360.629424697,8750372.525117356,1026.8587079945232,43,temp_8888,8766832.877701217
1925,16571.917671236013,8767094.93848529,8766277.804448776,1058.0171281786452,17,temp_1375,8766832.877701217
1926,534.5116097714028,8763558.915750368,8765993.719010292,32795.45722544288,1,temp_8914,8766832.877701217
1926,1.0,8747322.076631354,0.0,8747322.076631354,4,temp_2817,8766832.877701217
1926,1.0,0.0,8759747.615701078,8759747.615701078,5,temp_2817,8766832.877701217
1926,33989.21073884832,8759393.178934863,8759772.551868211,515.433143340965,18,temp_8916,8766832.877701217
1926,13363.044840436587,8744618.413889773,8743812.633039864,1308.7160340889993,95,temp_8920,8766832.877701217
1935,1747.808849779283,8749581.184448082,8742893.531149458,10008.231001809223,44,temp_8946,8766832.877701217
1938,21124.75986794262,8756763.177747793,8755934.44518467,829.0128613252757,45,temp_8954,8766832.877701217
1940,21124.75986794262,8756763.177747793,8755934.44518467,829.0128613252757,60,temp_8954,8766832.877701217
1943,9435.285118493417,8748956.263126161,8747999.947553907,1854.4173271866005,4,temp_3484,8766832.877701217
1944,23498.0270072195,8763650.425268905,8763325.928894069,745.8914039369353,1,temp_8959,8766832.877701217
1944,28879.844146487627,8757970.339853432,8757871.913623871,606.507506225846,21,temp_8960,8766832.877701217
1945,1747.212600548156,8749562.07293394,8742893.531149458,10011.63544642218,33,temp_8946,8766832.877701217
1946,9221.751575588012,8747966.14526522,8748956.263126161,1897.3534761779474,16,temp_3997,8766832.877701217
1950,47736.635365993345,8771760.056678653,8771879.314654076,367.5089213311099,10,temp_1569,8766832.877701217
1954,36511.129039591986,8750336.49682416,8749910.250302747,479.3126700669806,40,temp_7899,8766832.877701217
1955,7547.442566166749,8780613.420329351,8778789.256269317,2326.5367735705563,8,temp_8988,8766832.877701217
1955,4646.687350706042,8778789.256269317,8779072.094507528,3778.5760103074313,10,temp_8990,8766832.877701217
1955,14164.572395530111,8777794.26321542,8776745.541869981,1239.3271971009203,15,temp_8993,8766832.877701217
1956,7547.442566166749,8780613.420329351,8778789.256269317,2326.5367735705563,8,temp_8988,8766832.877701217
1956,4646.687350706042,8778789.256269317,8779072.094507528,3778.5760103074313,10,temp_8990,8766832.877701217
1956,10421.413960519112,8770731.2755416,8769060.098692788,1683.052937027817,28,temp_8998,8766832.877701217
1960,32246.86006194587,8776643.99290709,8776438.89134323,544.3346375594721,18,temp_7779,8766832.877701217
1960,7745.873151589982,8773693.883057432,8775337.790690368,2265.597606661754,23,temp_236,8766832.877701217
1960,40030.09883224993,8774827.166394776,8775006.132152,438.41593726987986,32,temp_1562,8766832.877701217
1960,24798.099790735967,8775448.990575237,8775673.578076135,707.7607847681978,35,temp_9007,8766832.877701217
1960,16632.39599599637,8773566.416562943,8773107.89873941,1054.9697301294452,49,temp_8087,8766832.877701217
1961,22252.00148433297,8776316.571235342,8776955.312613964,788.8401363000128,14,temp_1831,8766832.877701217
1961,25415.553039954877,8775703.696923295,8775337.790690368,690.5630367366904,22,temp_236,8766832.877701217
1961,40030.09883224993,8774827.166394776,8775006.132152,438.41593726987986,35,temp_1562,8766832.877701217
1961,21617.98137033673,8775448.990575237,8775667.468187649,811.8758249484745,38,temp_9007,8766832.877701217
1961,14211.13090590794,8776856.363460174,8776561.544975108,1235.1879681255955,44,temp_219,8766832.877701217
1961,1.0,8769140.623911334,0.0,8769140.623911334,69,temp_199,8766832.877701217
1961,nan,0.0,0.0,0.0,70,temp_200,8766832.877701217
1962,35820.51899140034,8777566.281834736,8777085.754567118,490.0725207419889,5,temp_1610,8766832.877701217
1962,44855.08558326162,8775245.57297535,8775134.8724089,391.2684641478747,16,temp_252,8766832.877701217
1963,44855.08558326162,8775245.57297535,8775134.8724089,391.2684641478747,25,temp_252,8766832.877701217
1969,7828.5884443299265,8756269.532993142,8755516.500505244,2236.902113072732,5,temp_3721,8766832.877701217
1970,10442.892305023754,8757127.425065517,8755516.500505244,1676.991719731321,1,temp_3721,8766832.877701217
1971,1.0,8762660.240647366,0.0,8762660.240647366,5,temp_8163,8766832.877701217
1971,1.0,0.0,8764519.410354408,8764519.410354408,6,temp_8162,8766832.877701217
1972,15265.45455364631,8742464.517626017,8743191.58819325,1145.4395965983629,1,temp_6458,8766832.877701217
1974,1.0,8758704.815805422,0.0,8758704.815805422,42,temp_1272,8766832.877701217
1974,1.0,0.0,8766586.239946896,8766586.239946896,43,temp_1273,8766832.877701217
1975,7828.5884443299265,8756269.532993142,8755516.500505244,2236.902113072732,8,temp_3721,8766832.877701217
1976,7828.5884443299265,8756269.532993142,8755516.500505244,2236.902113072732,6,temp_3721,8766832.877701217
1980,22337.232417064773,8775486.477313,8774771.478813872,785.6952745282429,9,temp_3616,8766832.877701217
1984,1.0,8757593.085906424,0.0,8757593.085906424,3,temp_8223,8766832.877701217
1984,1.0,0.0,8759980.120889839,8759980.120889839,4,temp_8224,8766832.877701217
1985,568.3674793677344,8739447.67106417,8751485.922300056,30773.987302759753,1,temp_8225,8766832.877701217
1985,1365.627687867065,8765281.072967429,8756792.526931627,12830.783789442845,23,temp_7593,8766832.877701217
1987,8254.965235283746,8756269.532993142,8755483.306970721,2121.3599743720706,4,temp_6434,8766832.877701217
1987,106274.38572174554,8751844.85556262,8751716.624692496,164.7016010620289,10,temp_8237,8766832.877701217
1987,1.0,8751716.624692496,0.0,8751716.624692496,12,temp_6445,8766832.877701217
1987,1.0,0.0,8749562.88608629,8749562.88608629,13,temp_8234,8766832.877701217
1987,9455.568520884479,8758050.290891284,8757029.74158089,1852.3561004065152,40,temp_8233,8766832.877701217
1988,7828.5884443299265,8756269.532993142,8755516.500505244,2236.902113072732,5,temp_3721,8766832.877701217
1988,11891.859023902403,8767597.400785325,8768124.835388497,1474.5989000481225,47,temp_9038,8766832.877701217
1995,443.452704732897,8732163.675909707,8761241.108298853,39448.18601285855,1,temp_8251,8766832.877701217
1995,1.0,8762660.240647366,0.0,8762660.240647366,10,temp_8163,8766832.877701217
1995,1.0,0.0,8764519.410354408,8764519.410354408,11,temp_8162,8766832.877701217
1996,10687.527115977155,8757614.87198718,8759043.172618994,1638.9813896630883,7,temp_9041,8766832.877701217
1996,21890.89608060057,8766155.85752661,8766835.840331294,800.9261764937714,31,temp_7742,8766832.877701217
1997,21890.89608060057,8766155.85752661,8766835.840331294,800.9261764937714,21,temp_7742,8766832.877701217
1998,21890.89608060057,8766155.85752661,8766835.840331294,800.9261764937714,23,temp_7742,8766832.877701217
1999,7417.135575309135,8765802.338306425,8767822.322405482,2363.9347673621473,51,temp_8058,8766832.877701217
2001,6806.5615175556595,8756269.532993142,8757053.86275521,2573.005966460089,3,temp_3721,8766832.877701217
2002,1.0,8756269.532993142,0.0,8756269.532993142,9,temp_3721,8766832.877701217
2002,1.0,0.0,8756137.78433971,8756137.78433971,10,temp_9047,8766832.877701217
2003,7828.5884443299265,8756269.532993142,8755516.500505244,2236.902113072732,14,temp_3721,8766832.877701217
2004,7417.135575309135,8765802.338306425,8767822.322405482,2363.9347673621473,57,temp_8058,8766832.877701217
2005,7417.135575309135,8765802.338306425,8767822.322405482,2363.9347673621473,60,temp_8058,8766832.877701217
2008,15265.45455364631,8742464.517626017,8743191.58819325,1145.4395965983629,1,temp_6458,8766832.877701217
2008,21890.89608060057,8766155.85752661,8766835.840331294,800.9261764937714,48,temp_7742,8766832.877701217
2010,1041.2370442217427,8753859.79415017,8764685.753994277,16824.742881903923,10,temp_9060,8766832.877701217
2013,521.4577941432132,8774959.644625405,8746297.78966131,33600.52842450117,15,temp_5160,8766832.877701217
2013,15415.430452811723,8771078.25038585,8769940.851555532,1137.8870772137252,31,temp_1157,8766832.877701217
2014,3753.6938528689,8772703.622189477,8776015.499186322,4675.053376546289,2,temp_8291,8766832.877701217
2014,22902.246513633196,8776015.499186322,8775318.185562909,766.3586047902032,4,temp_8289,8766832.877701217
2014,1.0,8775318.185562909,0.0,8775318.185562909,6,temp_4250,8766832.877701217
2014,1.0,0.0,8746297.78966131,8746297.78966131,7,temp_5160,8766832.877701217
2014,15415.430452811723,8771078.25038585,8769940.851555532,1137.8870772137252,23,temp_1157,8766832.877701217
2015,13160.873185622753,8766140.219338542,8765461.473462716,1332.100191646341,34,temp_9061,8766832.877701217
2016,20812.414298612475,8770762.166452164,8769940.851555532,842.8000118745042,15,temp_1157,8766832.877701217
2017,8870.669016063164,8770510.339336183,8770696.152084501,1977.438957496527,1,temp_1237,8766832.877701217
2021,21890.89608060057,8766155.85752661,8766835.840331294,800.9261764937714,34,temp_7742,8766832.877701217
2021,46112.74495652449,8772034.710540678,8771894.5207868,380.4572737508481,47,temp_5593,8766832.877701217
2022,9911.287162006058,8769148.808528109,8769362.417760856,1769.5492966363763,1,temp_1304,8766832.877701217
2023,nan,0.0,0.0,0.0,1,temp_199,8766832.877701217
2023,1.0,0.0,8769140.623911334,8769140.623911334,2,temp_200,8766832.877701217
2023,13979.435733474606,8768392.154644946,8767190.620884607,1254.3841618399188,12,temp_9066,8766832.877701217
2025,8870.669016063164,8770510.339336183,8770696.152084501,1977.438957496527,1,temp_1237,8766832.877701217
2026,1.0,0.0,8761513.089118566,8761513.089118566,1,temp_8360,8766832.877701217
2026,2856.2569383982823,8761513.089118566,8766835.840331294,6136.8249802062,3,temp_7742,8766832.877701217
2027,17626.756954137873,8769968.254796494,8769479.329305924,995.0467706417795,13,temp_3440,8766832.877701217
2028,441.6122398531325,8772274.563404808,8754524.733162545,39688.20996083863,3,temp_7613,8766832.877701217
2028,685.5725599368774,8768144.327945767,8746295.46715838,25547.171544784043,34,temp_8364,8766832.877701217
2028,17767.81569196934,8769479.329305924,8769958.928829992,987.146566702814,40,temp_3440,8766832.877701217
2032,16052.087671998343,8760662.488758206,8759710.494627755,1091.4700530790728,38,temp_8634,8766832.877701217
2033,24585.07487097191,8763707.157328533,8764239.830753949,712.9507264091387,16,temp_3935,8766832.877701217
2034,22252.00148433297,8776316.571235342,8776955.312613964,788.8401363000128,14,temp_1831,8766832.877701217
2034,6475.969179820323,8776955.312613964,8779055.390913658,2710.947229062433,16,temp_1540,8766832.877701217
2034,1.0,8774726.063105775,0.0,8774726.063105775,34,temp_4250,8766832.877701217
2034,1.0,0.0,8774248.20157377,8774248.20157377,35,temp_5160,8766832.877701217
2035,10094.030774113193,8775284.801904414,8776726.648967903,1738.850598304654,15,temp_1831,8766832.877701217
2036,1.0,8779055.390913658,0.0,8779055.390913658,1,temp_1540,8766832.877701217
2036,1.0,0.0,8777670.372734832,8777670.372734832,2,temp_1539,8766832.877701217
2036,7857.409081045331,8777406.4404496,8775245.57297535,2233.8982013508435,5,temp_1419,8766832.877701217
2039,35820.51899140034,8777566.281834736,8777085.754567118,490.0725207419889,5,temp_1610,8766832.877701217
2042,1.0,8775337.790690368,0.0,8775337.790690368,9,temp_9090,8766832.877701217
2042,1.0,0.0,8774771.478813872,8774771.478813872,10,temp_9091,8766832.877701217
2043,1.0,8774046.858888233,0.0,8774046.858888233,9,temp_4250,8766832.877701217
2043,1.0,0.0,8746297.78966131,8746297.78966131,10,temp_5160,8766832.877701217
2046,441.6122398531325,8772274.563404808,8754524.733162545,39688.20996083863,3,temp_7613,8766832.877701217
2047,441.6122398531325,8772274.563404808,8754524.733162545,39688.20996083863,3,temp_7613,8766832.877701217
2048,441.6122398531325,8772274.563404808,8754524.733162545,39688.20996083863,3,temp_7613,8766832.877701217
2049,8711.707700308725,8767822.322405482,8767021.224948343,2012.7906204580795,21,temp_3589,8766832.877701217
2050,8711.707700308725,8767822.322405482,8767021.224948343,2012.7906204580795,21,temp_3589,8766832.877701217
2051,22346.208882763392,8766559.083843773,8765779.917613378,784.5777820049203,6,temp_8058,8766832.877701217
2052,18324.519181555796,8766237.075403497,8767174.376744881,956.8279133782844,5,temp_5957,8766832.877701217
2054,28297.621800446977,8767209.897833975,8767021.224948343,619.636209941337,15,temp_3589,8766832.877701217
2055,28297.621800446977,8767209.897833975,8767021.224948343,619.636209941337,15,temp_3589,8766832.877701217
2056,28297.621800446977,8767209.897833975,8767021.224948343,619.636209941337,19,temp_3589,8766832.877701217
2057,8711.707700308725,8767822.322405482,8767021.224948343,2012.7906204580795,21,temp_3589,8766832.877701217
2059,1.0,8770191.85107433,0.0,8770191.85107433,1,temp_8502,8766832.877701217
2059,nan,0.0,0.0,0.0,2,temp_8500,8766832.877701217
2059,1.0,0.0,8765551.190190854,8765551.190190854,3,temp_8501,8766832.877701217
2059,680.3139599564777,8770197.39766331,8758027.05623607,25764.904861015533,6,temp_8496,8766832.877701217
2059,995.5795504197135,8758027.05623607,8755292.990907056,17591.080531696247,8,temp_8497,8766832.877701217
2061,3264.6498876758756,8774386.785344463,8779055.390913658,5376.822256659971,18,temp_31,8766832.877701217
2062,28297.621800446977,8767209.897833975,8767021.224948343,619.636209941337,22,temp_3589,8766832.877701217
2063,1049.0973990411665,8766408.665531438,8763702.86133033,16709.708310099326,6,temp_8524,8766832.877701217
2066,18324.519181555796,8766237.075403497,8767174.376744881,956.8279133782844,15,temp_5957,8766832.877701217
2067,18324.519181555796,8766237.075403497,8767174.376744881,956.8279133782844,5,temp_5957,8766832.877701217
2069,16495.86896110072,8767174.376744881,8767607.821072336,1062.9802066909224,2,temp_8581,8766832.877701217
2069,12514.292816802703,8767704.832771901,8767449.01091831,1401.210128321921,6,temp_8580,8766832.877701217
2069,19135.394950629146,8764313.860011512,8764781.423750283,916.0561006965504,32,temp_8574,8766832.877701217
2070,24854.526860994723,8763021.78292676,8762720.170376759,705.1327933668059,4,temp_9109,8766832.877701217
2073,20480.13978436521,8760141.503253007,8759929.761907987,855.46639083665,16,temp_8916,8766832.877701217
2074,441.6122398531325,8772274.563404808,8754524.733162545,39688.20996083863,3,temp_7613,8766832.877701217
2077,12797.49449305202,8764465.85732561,8765236.660370508,1369.776132915181,1,temp_9116,8766832.877701217
2078,20480.13978436521,8760141.503253007,8759929.761907987,855.46639083665,13,temp_8916,8766832.877701217
2081,13405.876721301982,8761263.998097833,8762546.705415694,1307.173791600525,14,temp_9119,8766832.877701217
2083,650.6480727464133,8763558.915750368,8743246.638900565,26906.720065663085,1,temp_8914,8766832.877701217
2083,723.6049259162587,8743246.638900565,8760996.013081733,24190.33097351804,3,temp_8642,8766832.877701217
2083,20480.13978436521,8760141.503253007,8759929.761907987,855.46639083665,17,temp_8916,8766832.877701217
2085,40030.09883224993,8774827.166394776,8775006.132152,438.41593726987986,77,temp_1562,8766832.877701217
2086,40030.09883224993,8774827.166394776,8775006.132152,438.41593726987986,36,temp_1562,8766832.877701217
2087,1.0,8750535.135716138,0.0,8750535.135716138,5,temp_3834,8766832.877701217
2087,1.0,0.0,8742893.531149458,8742893.531149458,6,temp_8946,8766832.877701217
2088,716.7949120419826,8764473.792510223,8742285.05083056,24423.665052906257,2,temp_7068,8766832.877701217
2089,716.7949120419826,8764473.792510223,8742285.05083056,24423.665052906257,2,temp_7068,8766832.877701217
2096,14186.200754778418,8760864.730222758,8761658.475990374,1235.1808288283896,19,temp_3863,8766832.877701217
2097,41665.90812835136,8765355.796774426,8765365.86259532,420.7449794533832,4,temp_9116,8766832.877701217
2097,30558.63886653474,8764313.860011512,8763740.52764395,573.5875365460312,34,temp_8574,8766832.877701217
2098,1.0,8757065.391596861,0.0,8757065.391596861,5,temp_9145,8766832.877701217
2098,1.0,0.0,8757774.167784419,8757774.167784419,6,temp_9146,8766832.877701217
2098,11597.70271699491,8759514.304845378,8760471.927269712,1510.6428108768343,15,temp_9150,8766832.877701217
2099,16121.020711224148,8760748.695755424,8761658.475990374,1086.9291396385308,4,temp_3863,8766832.877701217
2100,1159.9622797448349,8759726.898272472,8771339.55848037,15113.479776781429,4,temp_9152,8766832.877701217
2101,16018.075134234197,8774842.249023197,8775655.260517446,1095.66832234613,45,temp_236,8766832.877701217
2102,16121.020711224148,8760748.695755424,8761658.475990374,1086.9291396385308,13,temp_3863,8766832.877701217
2103,32375.716432212514,8757065.391596861,8757574.522843057,540.9807672090174,5,temp_9145,8766832.877701217
2103,16121.020711224148,8760748.695755424,8761658.475990374,1086.9291396385308,23,temp_3863,8766832.877701217
2103,1.0,8773758.522187548,0.0,8773758.522187548,61,temp_9158,8766832.877701217
2103,nan,0.0,0.0,0.0,62,temp_9159,8766832.877701217
2104,701313.5060958889,8760300.770634646,8760299.085853605,24.982550177912447,7,temp_8712,8766832.877701217
2107,13055.362615716649,8754995.63420218,8753860.930185687,1341.1237266830026,38,temp_9163,8766832.877701217
2108,1648.5186336771571,8756252.785305744,8764811.065475384,10628.36870196544,21,temp_2832,8766832.877701217
2111,13072.32659396441,8752948.429137891,8751768.618274791,1339.0666857646243,2,temp_8741,8766832.877701217
2112,9783.86190376975,8751459.322317386,8749910.250302747,1788.7997341700832,3,temp_7899,8766832.877701217
2119,9783.86190376975,8751459.322317386,8749910.250302747,1788.7997341700832,3,temp_7899,8766832.877701217
2124,11351.313072930432,8752039.01987356,8753301.08499188,1542.1423048061783,9,temp_3856,8766832.877701217
2128,716.7949120419826,8764473.792510223,8742285.05083056,24423.665052906257,2,temp_7068,8766832.877701217
2129,9783.86190376975,8751459.322317386,8749910.250302747,1788.7997341700832,3,temp_7899,8766832.877701217
2129,9692.342880995717,8756661.982085241,8758220.651202355,1807.0845045762815,23,temp_3816,8766832.877701217
2130,9692.342880995717,8756661.982085241,8758220.651202355,1807.0845045762815,23,temp_3816,8766832.877701217
2131,1129.639164346596,8751494.419764074,8755846.715972116,15498.171175627358,7,temp_8800,8766832.877701217
2134,1.0,8742572.445220206,0.0,8742572.445220206,1,temp_8809,8766832.877701217
2134,1.0,0.0,8742516.315286903,8742516.315286903,2,temp_8808,8766832.877701217
2135,9783.86190376975,8751459.322317386,8749910.250302747,1788.7997341700832,3,temp_7899,8766832.877701217
2137,7696.36390161858,8751923.86137644,8750842.408236625,2274.160433855285,9,temp_2262,8766832.877701217
2138,13072.32659396441,8752948.429137891,8751768.618274791,1339.0666857646243,33,temp_8741,8766832.877701217
2142,11465.39444590496,8750587.853997365,8751777.360880574,1526.5384280895087,4,temp_8865,8766832.877701217
2147,25735.036647954304,8752807.991944479,8752468.251338912,680.2118249431325,43,temp_9189,8766832.877701217
2147,18173.080574524327,8752092.049106987,8751128.927682195,963.1400083773261,48,temp_6288,8766832.877701217
2149,10545.002015478194,8751923.86137644,8750751.436074518,1659.8076768273856,4,temp_2262,8766832.877701217
2149,35516.385665879636,8751108.303914852,8750766.727673635,492.7831113288767,8,temp_8817,8766832.877701217
2151,1589.3061294015865,8750372.525117356,8758540.993524587,11016.702946482994,1,temp_8888,8766832.877701217
2152,19578.903567949208,8755609.007069044,8754916.882205803,894.3568177096337,57,temp_9194,8766832.877701217
2153,27046.400523856086,8759150.237476703,8759778.292927757,647.7360458724263,43,temp_4008,8766832.877701217
2158,27046.400523856086,8759150.237476703,8759778.292927757,647.7360458724263,45,temp_4008,8766832.877701217
2158,59585.787957211134,8764289.50210666,8764541.63488647,294.1780538268735,58,temp_3533,8766832.877701217
2159,27046.400523856086,8759150.237476703,8759778.292927757,647.7360458724263,24,temp_4008,8766832.877701217
2159,59585.787957211134,8764289.50210666,8764541.63488647,294.1780538268735,37,temp_3533,8766832.877701217
2163,8545.323617370163,8742901.894573942,8744901.299814247,2046.4764094879401,5,temp_3646,8766832.877701217
2165,24585.07487097191,8763707.157328533,8764239.830753949,712.9507264091387,34,temp_3935,8766832.877701217
2165,16878.21555507167,8766306.382308409,8767104.55926264,1038.818996259501,41,temp_1375,8766832.877701217
2166,13518.171641550964,8743846.966534993,8744619.202957638,1293.700556052871,2,temp_8920,8766832.877701217
2166,17694.799027688863,8759485.524369327,8760141.503253007,990.1003679220985,80,temp_8916,8766832.877701217
2167,8254.965235283746,8756269.532993142,8755483.306970721,2121.3599743720706,5,temp_6434,8766832.877701217
2167,13472.504785851283,8752540.92225788,8751485.922300056,1299.2407219584381,17,temp_2425,8766832.877701217
2168,25018.347786267026,8744828.810801247,8745505.891199911,699.1003103571006,9,temp_9205,8766832.877701217
2168,17943.53562571362,8758843.942701358,8759778.292927757,976.3194166998176,36,temp_4008,8766832.877701217
2169,31706.404744707335,8744619.202957638,8744215.595611686,551.5868146951819,4,temp_9208,8766832.877701217
2170,31706.404744707335,8744619.202957638,8744215.595611686,551.5868146951819,4,temp_9208,8766832.877701217
2175,2807.32600873775,8745766.802003413,8742862.481220087,6229.639603234705,4,temp_8948,8766832.877701217
2175,38782.2385923526,8763958.273563595,8763998.261307543,451.95834926165,44,temp_9213,8766832.877701217
2175,1.0,8763950.610545233,0.0,8763950.610545233,49,temp_9215,8766832.877701217
2175,1.0,0.0,8764811.065475384,8764811.065475384,50,temp_9216,8766832.877701217
2176,27816.174183303912,8764107.260085868,8764239.830753949,630.1494582012234,37,temp_3935,8766832.877701217
2179,18287.656906191085,8766226.932027183,8766598.727889633,958.7245512015961,34,temp_1273,8766832.877701217
2181,9221.751575588012,8747966.14526522,8748956.263126161,1897.3534761779474,44,temp_3997,8766832.877701217
2183,26727.473482764406,8757902.271480523,8757944.64702348,655.3498941753454,16,temp_8960,8766832.877701217
2184,777.1620247159934,8764473.792510223,8743808.27486761,22528.48377888262,2,temp_7068,8766832.877701217
2184,3223.2888769336737,8744909.126867378,8742862.481220087,5425.443475833803,9,temp_8948,8766832.877701217
2184,1747.212600548156,8749562.07293394,8742893.531149458,10011.63544642218,13,temp_3834,8766832.877701217
2184,1532.8750138082498,8742893.531149458,8750507.354948174,11412.150846295883,15,temp_3836,8766832.877701217
2185,6600.075425168182,8756876.02712128,8755483.306970721,2653.3574551757115,4,temp_3721,8766832.877701217
2185,13978.992435507902,8755483.306970721,8755245.116830463,1252.645961759186,6,temp_7119,8766832.877701217
2185,13472.504785851283,8752540.92225788,8751485.922300056,1299.2407219584381,15,temp_2425,8766832.877701217
2185,9435.285118493417,8748956.263126161,8747999.947553907,1854.4173271866005,23,temp_3484,8766832.877701217
2187,38782.2385923526,8763958.273563595,8763998.261307543,451.95834926165,74,temp_9213,8766832.877701217
2190,1.0,8761876.127911316,0.0,8761876.127911316,70,temp_9224,8766832.877701217
2194,9692.342880995717,8756661.982085241,8758220.651202355,1807.0845045762815,28,temp_3816,8766832.877701217
2195,20255.647349836443,8749200.959379636,8748338.02373362,863.8350915629729,9,temp_7899,8766832.877701217
